"workerid","Answer.time_in_minutes"
0,7.9722
1,10.9937166666667
2,4.20931666666667
3,13.2873
4,30.1436166666667
5,5.01888333333333
6,27.4585333333333
7,18.6734166666667
8,17.5374333333333
9,2.43828333333333
10,7.64358333333333
11,14.0680833333333
12,11.1663333333333
13,4.36355
14,10.0151833333333
15,15.0521833333333
16,14.8031666666667
17,27.3061666666667
18,3.6524
19,2.67426666666667
